{
  "HTTP请求" : {
    "transaction" : "HTTP请求",
    "sampleCount" : 3000,
    "errorCount" : 3,
    "errorPct" : 0.1,
    "meanResTime" : 3161.2266666666687,
    "medianResTime" : 831.0,
    "minResTime" : 17.0,
    "maxResTime" : 25039.0,
    "pct1ResTime" : 12111.300000000001,
    "pct2ResTime" : 18641.849999999995,
    "pct3ResTime" : 23461.779999999995,
    "throughput" : 31.27508522460724,
    "receivedKBytesPerSec" : 29.269275144516957,
    "sentKBytesPerSec" : 14.792036157907905
  },
  "Total" : {
    "transaction" : "Total",
    "sampleCount" : 3000,
    "errorCount" : 3,
    "errorPct" : 0.1,
    "meanResTime" : 3161.2266666666687,
    "medianResTime" : 831.0,
    "minResTime" : 17.0,
    "maxResTime" : 25039.0,
    "pct1ResTime" : 12111.300000000001,
    "pct2ResTime" : 18641.849999999995,
    "pct3ResTime" : 23461.779999999995,
    "throughput" : 31.27508522460724,
    "receivedKBytesPerSec" : 29.269275144516957,
    "sentKBytesPerSec" : 14.792036157907905
  }
}