{
  "HTTP请求" : {
    "transaction" : "HTTP请求",
    "sampleCount" : 2500,
    "errorCount" : 48,
    "errorPct" : 1.92,
    "meanResTime" : 69785.60239999996,
    "medianResTime" : 72482.0,
    "minResTime" : 51.0,
    "maxResTime" : 122345.0,
    "pct1ResTime" : 112645.20000000001,
    "pct2ResTime" : 116645.34999999999,
    "pct3ResTime" : 120986.95999999999,
    "throughput" : 20.34141022928838,
    "receivedKBytesPerSec" : 15.850535385917235,
    "sentKBytesPerSec" : 8.384729296512669
  },
  "Total" : {
    "transaction" : "Total",
    "sampleCount" : 2500,
    "errorCount" : 48,
    "errorPct" : 1.92,
    "meanResTime" : 69785.60239999996,
    "medianResTime" : 72482.0,
    "minResTime" : 51.0,
    "maxResTime" : 122345.0,
    "pct1ResTime" : 112645.20000000001,
    "pct2ResTime" : 116645.34999999999,
    "pct3ResTime" : 120986.95999999999,
    "throughput" : 20.34141022928838,
    "receivedKBytesPerSec" : 15.850535385917235,
    "sentKBytesPerSec" : 8.384729296512669
  }
}