{
  "HTTP请求" : {
    "transaction" : "HTTP请求",
    "sampleCount" : 3500,
    "errorCount" : 34,
    "errorPct" : 0.9714286,
    "meanResTime" : 29952.335714285702,
    "medianResTime" : 31216.5,
    "minResTime" : 887.0,
    "maxResTime" : 54988.0,
    "pct1ResTime" : 49379.5,
    "pct2ResTime" : 51778.75,
    "pct3ResTime" : 53816.97,
    "throughput" : 63.64446384085247,
    "receivedKBytesPerSec" : 92.54865747117815,
    "sentKBytesPerSec" : 28.14735014570036
  },
  "Total" : {
    "transaction" : "Total",
    "sampleCount" : 3500,
    "errorCount" : 34,
    "errorPct" : 0.9714286,
    "meanResTime" : 29952.335714285702,
    "medianResTime" : 31216.5,
    "minResTime" : 887.0,
    "maxResTime" : 54988.0,
    "pct1ResTime" : 49379.5,
    "pct2ResTime" : 51778.75,
    "pct3ResTime" : 53816.97,
    "throughput" : 63.64446384085247,
    "receivedKBytesPerSec" : 92.54865747117815,
    "sentKBytesPerSec" : 28.14735014570036
  }
}