{
  "HTTP请求" : {
    "transaction" : "HTTP请求",
    "sampleCount" : 5000,
    "errorCount" : 1122,
    "errorPct" : 22.44,
    "meanResTime" : 7606.4660000000085,
    "medianResTime" : 2026.5,
    "minResTime" : 17.0,
    "maxResTime" : 72633.0,
    "pct1ResTime" : 21959.800000000007,
    "pct2ResTime" : 38221.34999999991,
    "pct3ResTime" : 65551.35999999999,
    "throughput" : 27.063745947204044,
    "receivedKBytesPerSec" : 29.124866922486724,
    "sentKBytesPerSec" : 53.95301530725471
  },
  "Total" : {
    "transaction" : "Total",
    "sampleCount" : 5000,
    "errorCount" : 1122,
    "errorPct" : 22.44,
    "meanResTime" : 7606.4660000000085,
    "medianResTime" : 2026.5,
    "minResTime" : 17.0,
    "maxResTime" : 72633.0,
    "pct1ResTime" : 21959.800000000007,
    "pct2ResTime" : 38221.34999999991,
    "pct3ResTime" : 65551.35999999999,
    "throughput" : 27.063745947204044,
    "receivedKBytesPerSec" : 29.124866922486724,
    "sentKBytesPerSec" : 53.95301530725471
  }
}