{
  "HTTP请求" : {
    "transaction" : "HTTP请求",
    "sampleCount" : 16000,
    "errorCount" : 399,
    "errorPct" : 2.49375,
    "meanResTime" : 11009.866750000005,
    "medianResTime" : 2488.5,
    "minResTime" : 17.0,
    "maxResTime" : 112239.0,
    "pct1ResTime" : 41054.9,
    "pct2ResTime" : 51955.39999999992,
    "pct3ResTime" : 88590.12999999998,
    "throughput" : 50.785911988014526,
    "receivedKBytesPerSec" : 2713.4883885749155,
    "sentKBytesPerSec" : 0.0
  },
  "Total" : {
    "transaction" : "Total",
    "sampleCount" : 16000,
    "errorCount" : 399,
    "errorPct" : 2.49375,
    "meanResTime" : 11009.866750000005,
    "medianResTime" : 2488.5,
    "minResTime" : 17.0,
    "maxResTime" : 112239.0,
    "pct1ResTime" : 41054.9,
    "pct2ResTime" : 51955.39999999992,
    "pct3ResTime" : 88590.12999999998,
    "throughput" : 50.785911988014526,
    "receivedKBytesPerSec" : 2713.4883885749155,
    "sentKBytesPerSec" : 0.0
  }
}