{
  "HTTP请求" : {
    "transaction" : "HTTP请求",
    "sampleCount" : 2004,
    "errorCount" : 2,
    "errorPct" : 0.0998004,
    "meanResTime" : 13899.341317365268,
    "medianResTime" : 14344.5,
    "minResTime" : 513.0,
    "maxResTime" : 25246.0,
    "pct1ResTime" : 23003.0,
    "pct2ResTime" : 23727.5,
    "pct3ResTime" : 24693.85,
    "throughput" : 78.11342818164101,
    "receivedKBytesPerSec" : 97.25515707220815,
    "sentKBytesPerSec" : 32.4362636425648
  },
  "Total" : {
    "transaction" : "Total",
    "sampleCount" : 2004,
    "errorCount" : 2,
    "errorPct" : 0.0998004,
    "meanResTime" : 13899.341317365268,
    "medianResTime" : 14344.5,
    "minResTime" : 513.0,
    "maxResTime" : 25246.0,
    "pct1ResTime" : 23003.0,
    "pct2ResTime" : 23727.5,
    "pct3ResTime" : 24693.85,
    "throughput" : 78.11342818164101,
    "receivedKBytesPerSec" : 97.25515707220815,
    "sentKBytesPerSec" : 32.4362636425648
  }
}