{
  "HTTP请求" : {
    "transaction" : "HTTP请求",
    "sampleCount" : 10000,
    "errorCount" : 2004,
    "errorPct" : 20.04,
    "meanResTime" : 17897.46899999999,
    "medianResTime" : 8999.5,
    "minResTime" : 29.0,
    "maxResTime" : 128072.0,
    "pct1ResTime" : 66031.0,
    "pct2ResTime" : 68528.95,
    "pct3ResTime" : 69463.0,
    "throughput" : 44.57937134170534,
    "receivedKBytesPerSec" : 30.06704894174145,
    "sentKBytesPerSec" : 18.26304524750467
  },
  "Total" : {
    "transaction" : "Total",
    "sampleCount" : 10000,
    "errorCount" : 2004,
    "errorPct" : 20.04,
    "meanResTime" : 17897.46899999999,
    "medianResTime" : 8999.5,
    "minResTime" : 29.0,
    "maxResTime" : 128072.0,
    "pct1ResTime" : 66031.0,
    "pct2ResTime" : 68528.95,
    "pct3ResTime" : 69463.0,
    "throughput" : 44.57937134170534,
    "receivedKBytesPerSec" : 30.06704894174145,
    "sentKBytesPerSec" : 18.26304524750467
  }
}