{
  "HTTP请求" : {
    "transaction" : "HTTP请求",
    "sampleCount" : 1500,
    "errorCount" : 5,
    "errorPct" : 0.33333334,
    "meanResTime" : 7092.610666666668,
    "medianResTime" : 7102.0,
    "minResTime" : 641.0,
    "maxResTime" : 21036.0,
    "pct1ResTime" : 12160.7,
    "pct2ResTime" : 12544.6,
    "pct3ResTime" : 13386.710000000001,
    "throughput" : 68.71592835219204,
    "receivedKBytesPerSec" : 59.15421429062256,
    "sentKBytesPerSec" : 28.768308142264875
  },
  "Total" : {
    "transaction" : "Total",
    "sampleCount" : 1500,
    "errorCount" : 5,
    "errorPct" : 0.33333334,
    "meanResTime" : 7092.610666666668,
    "medianResTime" : 7102.0,
    "minResTime" : 641.0,
    "maxResTime" : 21036.0,
    "pct1ResTime" : 12160.7,
    "pct2ResTime" : 12544.6,
    "pct3ResTime" : 13386.710000000001,
    "throughput" : 68.71592835219204,
    "receivedKBytesPerSec" : 59.15421429062256,
    "sentKBytesPerSec" : 28.768308142264875
  }
}