{
  "HTTP请求" : {
    "transaction" : "HTTP请求",
    "sampleCount" : 2500,
    "errorCount" : 159,
    "errorPct" : 6.36,
    "meanResTime" : 89297.42000000009,
    "medianResTime" : 96062.0,
    "minResTime" : 524.0,
    "maxResTime" : 144888.0,
    "pct1ResTime" : 136515.7,
    "pct2ResTime" : 139852.69999999998,
    "pct3ResTime" : 142344.12,
    "throughput" : 17.218460945086886,
    "receivedKBytesPerSec" : 13.212081559114418,
    "sentKBytesPerSec" : 7.068992059276273
  },
  "Total" : {
    "transaction" : "Total",
    "sampleCount" : 2500,
    "errorCount" : 159,
    "errorPct" : 6.36,
    "meanResTime" : 89297.42000000009,
    "medianResTime" : 96062.0,
    "minResTime" : 524.0,
    "maxResTime" : 144888.0,
    "pct1ResTime" : 136515.7,
    "pct2ResTime" : 139852.69999999998,
    "pct3ResTime" : 142344.12,
    "throughput" : 17.218460945086886,
    "receivedKBytesPerSec" : 13.212081559114418,
    "sentKBytesPerSec" : 7.068992059276273
  }
}