{
  "HTTP请求" : {
    "transaction" : "HTTP请求",
    "sampleCount" : 4000,
    "errorCount" : 0,
    "errorPct" : 0.0,
    "meanResTime" : 9131.281250000004,
    "medianResTime" : 9273.0,
    "minResTime" : 186.0,
    "maxResTime" : 24158.0,
    "pct1ResTime" : 13351.0,
    "pct2ResTime" : 15370.95,
    "pct3ResTime" : 19935.239999999918,
    "throughput" : 90.02115497141828,
    "receivedKBytesPerSec" : 3243.4059284205227,
    "sentKBytesPerSec" : 41.399797311743264
  },
  "Total" : {
    "transaction" : "Total",
    "sampleCount" : 4000,
    "errorCount" : 0,
    "errorPct" : 0.0,
    "meanResTime" : 9131.281250000004,
    "medianResTime" : 9273.0,
    "minResTime" : 186.0,
    "maxResTime" : 24158.0,
    "pct1ResTime" : 13351.0,
    "pct2ResTime" : 15370.95,
    "pct3ResTime" : 19935.239999999918,
    "throughput" : 90.02115497141828,
    "receivedKBytesPerSec" : 3243.4059284205227,
    "sentKBytesPerSec" : 41.399797311743264
  }
}