{
  "HTTP请求" : {
    "transaction" : "HTTP请求",
    "sampleCount" : 1000,
    "errorCount" : 0,
    "errorPct" : 0.0,
    "meanResTime" : 3948.309000000003,
    "medianResTime" : 4009.5,
    "minResTime" : 228.0,
    "maxResTime" : 7359.0,
    "pct1ResTime" : 6533.4,
    "pct2ResTime" : 6839.9,
    "pct3ResTime" : 7189.87,
    "throughput" : 135.3546291283162,
    "receivedKBytesPerSec" : 456.6206919159448,
    "sentKBytesPerSec" : 60.005720847996756
  },
  "Total" : {
    "transaction" : "Total",
    "sampleCount" : 1000,
    "errorCount" : 0,
    "errorPct" : 0.0,
    "meanResTime" : 3948.309000000003,
    "medianResTime" : 4009.5,
    "minResTime" : 228.0,
    "maxResTime" : 7359.0,
    "pct1ResTime" : 6533.4,
    "pct2ResTime" : 6839.9,
    "pct3ResTime" : 7189.87,
    "throughput" : 135.3546291283162,
    "receivedKBytesPerSec" : 456.6206919159448,
    "sentKBytesPerSec" : 60.005720847996756
  }
}