{
  "HTTP请求" : {
    "transaction" : "HTTP请求",
    "sampleCount" : 4000,
    "errorCount" : 0,
    "errorPct" : 0.0,
    "meanResTime" : 10573.174250000005,
    "medianResTime" : 9996.0,
    "minResTime" : 530.0,
    "maxResTime" : 26588.0,
    "pct1ResTime" : 16202.800000000016,
    "pct2ResTime" : 18014.699999999997,
    "pct3ResTime" : 26544.989999999998,
    "throughput" : 80.2616529887433,
    "receivedKBytesPerSec" : 289.99801070238976,
    "sentKBytesPerSec" : 35.50753189773662
  },
  "Total" : {
    "transaction" : "Total",
    "sampleCount" : 4000,
    "errorCount" : 0,
    "errorPct" : 0.0,
    "meanResTime" : 10573.174250000005,
    "medianResTime" : 9996.0,
    "minResTime" : 530.0,
    "maxResTime" : 26588.0,
    "pct1ResTime" : 16202.800000000016,
    "pct2ResTime" : 18014.699999999997,
    "pct3ResTime" : 26544.989999999998,
    "throughput" : 80.2616529887433,
    "receivedKBytesPerSec" : 289.99801070238976,
    "sentKBytesPerSec" : 35.50753189773662
  }
}