{
  "HTTP请求" : {
    "transaction" : "HTTP请求",
    "sampleCount" : 12000,
    "errorCount" : 0,
    "errorPct" : 0.0,
    "meanResTime" : 6990.656916666677,
    "medianResTime" : 1957.5,
    "minResTime" : 20.0,
    "maxResTime" : 40578.0,
    "pct1ResTime" : 19878.999999999996,
    "pct2ResTime" : 26779.09999999998,
    "pct3ResTime" : 37014.96,
    "throughput" : 121.3616780274682,
    "receivedKBytesPerSec" : 186.36264907891544,
    "sentKBytesPerSec" : 54.25215646111875
  },
  "Total" : {
    "transaction" : "Total",
    "sampleCount" : 12000,
    "errorCount" : 0,
    "errorPct" : 0.0,
    "meanResTime" : 6990.656916666677,
    "medianResTime" : 1957.5,
    "minResTime" : 20.0,
    "maxResTime" : 40578.0,
    "pct1ResTime" : 19878.999999999996,
    "pct2ResTime" : 26779.09999999998,
    "pct3ResTime" : 37014.96,
    "throughput" : 121.3616780274682,
    "receivedKBytesPerSec" : 186.36264907891544,
    "sentKBytesPerSec" : 54.25215646111875
  }
}