{
  "HTTP请求" : {
    "transaction" : "HTTP请求",
    "sampleCount" : 6000,
    "errorCount" : 27,
    "errorPct" : 0.45,
    "meanResTime" : 2724.0191666666615,
    "medianResTime" : 2286.0,
    "minResTime" : 24.0,
    "maxResTime" : 21137.0,
    "pct1ResTime" : 6452.600000000002,
    "pct2ResTime" : 7329.0,
    "pct3ResTime" : 11621.0,
    "throughput" : 90.34647874599088,
    "receivedKBytesPerSec" : 77.46582656205297,
    "sentKBytesPerSec" : 37.819941820632124
  },
  "Total" : {
    "transaction" : "Total",
    "sampleCount" : 6000,
    "errorCount" : 27,
    "errorPct" : 0.45,
    "meanResTime" : 2724.0191666666615,
    "medianResTime" : 2286.0,
    "minResTime" : 24.0,
    "maxResTime" : 21137.0,
    "pct1ResTime" : 6452.600000000002,
    "pct2ResTime" : 7329.0,
    "pct3ResTime" : 11621.0,
    "throughput" : 90.34647874599088,
    "receivedKBytesPerSec" : 77.46582656205297,
    "sentKBytesPerSec" : 37.819941820632124
  }
}