{
  "HTTP请求" : {
    "transaction" : "HTTP请求",
    "sampleCount" : 1500,
    "errorCount" : 4,
    "errorPct" : 0.26666668,
    "meanResTime" : 542.4473333333324,
    "medianResTime" : 573.0,
    "minResTime" : 48.0,
    "maxResTime" : 21030.0,
    "pct1ResTime" : 919.9000000000001,
    "pct2ResTime" : 977.9000000000001,
    "pct3ResTime" : 1109.93,
    "throughput" : 57.959814528593505,
    "receivedKBytesPerSec" : 49.6535618117272,
    "sentKBytesPerSec" : 24.297501388620557
  },
  "Total" : {
    "transaction" : "Total",
    "sampleCount" : 1500,
    "errorCount" : 4,
    "errorPct" : 0.26666668,
    "meanResTime" : 542.4473333333324,
    "medianResTime" : 573.0,
    "minResTime" : 48.0,
    "maxResTime" : 21030.0,
    "pct1ResTime" : 919.9000000000001,
    "pct2ResTime" : 977.9000000000001,
    "pct3ResTime" : 1109.93,
    "throughput" : 57.959814528593505,
    "receivedKBytesPerSec" : 49.6535618117272,
    "sentKBytesPerSec" : 24.297501388620557
  }
}