{
  "HTTP请求" : {
    "transaction" : "HTTP请求",
    "sampleCount" : 1000,
    "errorCount" : 124,
    "errorPct" : 12.4,
    "meanResTime" : 3699.7729999999992,
    "medianResTime" : 3486.0,
    "minResTime" : 735.0,
    "maxResTime" : 21335.0,
    "pct1ResTime" : 5864.099999999999,
    "pct2ResTime" : 6195.599999999999,
    "pct3ResTime" : 20884.720000000132,
    "throughput" : 46.68534080298786,
    "receivedKBytesPerSec" : 151.8368675595238,
    "sentKBytesPerSec" : 18.100143703314657
  },
  "Total" : {
    "transaction" : "Total",
    "sampleCount" : 1000,
    "errorCount" : 124,
    "errorPct" : 12.4,
    "meanResTime" : 3699.7729999999992,
    "medianResTime" : 3486.0,
    "minResTime" : 735.0,
    "maxResTime" : 21335.0,
    "pct1ResTime" : 5864.099999999999,
    "pct2ResTime" : 6195.599999999999,
    "pct3ResTime" : 20884.720000000132,
    "throughput" : 46.68534080298786,
    "receivedKBytesPerSec" : 151.8368675595238,
    "sentKBytesPerSec" : 18.100143703314657
  }
}